,Kmersize,Execution time
0,14,873.0311939999999
1,18,1239.9848065999997
2,22,1452.2633612
3,26,1681.9400557
4,30,1736.0716273999997
