,Kmersize,Execution time
0,13,884.0621652
1,17,1262.4747899999998
2,21,1268.9924956
3,27,1247.9593790000004
